-- ============================================================
-- Bahandi esep seed data
-- Run once after migration. Uses fixed UUIDs for reproducibility.
-- ============================================================

-- ── Locations ──────────────────────────────────────────────────
insert into public.locations (id, name, code, lat, lng, geofence_radius_m, iiko_store_id) values
  ('11111111-0000-0000-0000-000000000001',
   'Алматы — Центр',    'ALM-C', 43.2566, 76.9286, 150, 'iiko-store-alm-c'),
  ('11111111-0000-0000-0000-000000000002',
   'Астана — НурАлем',  'AST-N', 51.1694, 71.4491, 200, 'iiko-store-ast-n'),
  ('11111111-0000-0000-0000-000000000003',
   'Шымкент — Базар',   'SHY-B', 42.3417, 69.5901, 150, 'iiko-store-shy-b')
on conflict (id) do nothing;

-- ── Employees (3 per location + 1 extra) ──────────────────────
-- monthly_salary in KZT — the basis for the Art. 115 ТК РК deduction
-- cap (50% of wages). Realistic network wages 250 000–400 000 ₸.
insert into public.employees (id, full_name, location_id, position, material_liability, monthly_salary) values
  ('22222222-0000-0000-0000-000000000001', 'Айгерим Бекова',     '11111111-0000-0000-0000-000000000001', 'Повар-кухня',     true,  320000),
  ('22222222-0000-0000-0000-000000000002', 'Даурен Сейткали',    '11111111-0000-0000-0000-000000000001', 'Кассир',          false, 280000),
  ('22222222-0000-0000-0000-000000000003', 'Нургуль Ахметова',   '11111111-0000-0000-0000-000000000001', 'Складской',       true,  300000),
  ('22222222-0000-0000-0000-000000000004', 'Серик Джаксыбеков',  '11111111-0000-0000-0000-000000000002', 'Повар-кухня',     true,  340000),
  ('22222222-0000-0000-0000-000000000005', 'Асель Мамытова',     '11111111-0000-0000-0000-000000000002', 'Сменный менеджер',false, 400000),
  ('22222222-0000-0000-0000-000000000006', 'Бахытжан Калиев',    '11111111-0000-0000-0000-000000000002', 'Кассир',          false, 290000),
  ('22222222-0000-0000-0000-000000000007', 'Зульфия Исмаилова',  '11111111-0000-0000-0000-000000000003', 'Повар-кухня',     true,  330000),
  ('22222222-0000-0000-0000-000000000008', 'Темирхан Уразов',    '11111111-0000-0000-0000-000000000003', 'Складской',       true,  310000),
  ('22222222-0000-0000-0000-000000000009', 'Газиза Нурмаханова', '11111111-0000-0000-0000-000000000003', 'Кассир',          false, 285000),
  ('22222222-0000-0000-0000-000000000010', 'Адиль Рахимов',      '11111111-0000-0000-0000-000000000001', 'Сменный менеджер',false, 390000)
on conflict (id) do nothing;

-- ── Reason codes (6 loss-type categories, RU + KK labels) ──────
insert into public.reason_codes (id, key, category, label_ru, label_kk, deduction_default) values
  ('33333333-0000-0000-0000-000000000001',
   'yield',      'yield',
   'Технологический выход',    'Технологиялық шығым',     false),
  ('33333333-0000-0000-0000-000000000002',
   'quality',    'quality',
   'Брак качества',            'Сапа ақауы',              false),
  ('33333333-0000-0000-0000-000000000003',
   'accidental', 'accidental',
   'Случайное повреждение',    'Кездейсоқ зақым',         true),
  ('33333333-0000-0000-0000-000000000004',
   'spoilage',   'spoilage',
   'Порча / срок годности',    'Бүліну / мерзімі',        false),
  ('33333333-0000-0000-0000-000000000005',
   'return',     'return',
   'Возврат гостя',            'Қонақ қайтарды',          false),
  ('33333333-0000-0000-0000-000000000006',
   'breakage',   'breakage',
   'Бой / Битая посуда',       'Сынды / сынған ыдыс',     true)
on conflict (id) do nothing;

-- ── iiko nomenclature map (8 sample product mappings) ──────────
insert into public.iiko_nomenclature_map
  (reason_code_id, product_label, iiko_product_id, iiko_unit, iiko_store_id, iiko_account_id)
values
  ('33333333-0000-0000-0000-000000000001', 'Пшеничная мука',
   'prod-flour-001',       'кг',   'iiko-store-alm-c', 'acc-yield-001'),
  ('33333333-0000-0000-0000-000000000001', 'Куриное филе',
   'prod-chicken-001',     'кг',   'iiko-store-alm-c', 'acc-yield-001'),
  ('33333333-0000-0000-0000-000000000002', 'Молоко 3.2%',
   'prod-milk-001',        'л',    'iiko-store-ast-n', 'acc-quality-001'),
  ('33333333-0000-0000-0000-000000000003', 'Яйцо куриное',
   'prod-egg-001',         'шт',   'iiko-store-alm-c', 'acc-damage-001'),
  ('33333333-0000-0000-0000-000000000004', 'Томаты свежие',
   'prod-tomato-001',      'кг',   'iiko-store-shy-b', 'acc-spoil-001'),
  ('33333333-0000-0000-0000-000000000005', 'Готовое блюдо (возврат)',
   'prod-dish-ready-001',  'порц', 'iiko-store-ast-n', 'acc-return-001'),
  ('33333333-0000-0000-0000-000000000006', 'Тарелка Салатница',
   'prod-plate-001',       'шт',   'iiko-store-shy-b', 'acc-break-001'),
  ('33333333-0000-0000-0000-000000000006', 'Кружка стаканная',
   'prod-mug-001',         'шт',   'iiko-store-alm-c', 'acc-break-001');
